symbol,fiscalDateEnding,reportedDate,reportedEPS,estimatedEPS,surprise,surprisePercentage
ADBE,2023-08-31,2023-09-14,4.09,3.98,0.11,2.7638
ADBE,2023-05-31,2023-06-15,3.91,3.79,0.12,3.1662
ADBE,2023-02-28,2023-03-15,3.8,3.68,0.12,3.2609
ADBE,2022-11-30,2022-12-15,3.6,3.5,0.1,2.8571
ADBE,2022-08-31,2022-09-15,3.4,3.33,0.07,2.1021
ADBE,2022-05-31,2022-06-16,3.35,3.31,0.04,1.2085
ADBE,2022-02-28,2022-03-22,3.37,3.34,0.03,0.8982
ADBE,2021-11-30,2021-12-16,3.2,3.2,0,0
ADBE,2021-08-31,2021-09-21,3.11,3.01,0.1,3.3223
ADBE,2021-05-31,2021-06-17,3.03,2.81,0.22,7.8292
ADBE,2021-02-28,2021-03-23,3.14,2.78,0.36,12.9496
ADP,2023-06-30,2023-07-26,1.89,1.83,0.06,3.2787
ADP,2023-03-31,2023-04-26,2.52,2.45,0.07,2.8571
ADP,2022-12-31,2023-01-25,1.96,1.94,0.02,1.0309
ADP,2022-09-30,2022-10-26,1.86,1.8,0.06,3.3333
ADP,2022-06-30,2022-07-27,1.5,1.46,0.04,2.7397
ADP,2022-03-31,2022-04-27,2.21,2.08,0.13,6.25
ADP,2021-12-31,2022-01-26,1.65,1.63,0.02,1.227
ADP,2021-09-30,2021-10-27,1.65,1.49,0.16,10.7383
ADP,2021-06-30,2021-07-28,1.2,1.14,0.06,5.2632
ADP,2021-03-31,2021-04-28,1.89,1.82,0.07,3.8462
ABNB,2023-06-30,2023-08-03,0.98,0.78,0.2,25.641
ABNB,2023-03-31,2023-05-09,0.18,0.09,0.09,100
ABNB,2022-12-31,2023-02-14,0.48,0.25,0.23,92
ABNB,2022-09-30,2022-11-01,1.79,1.47,0.32,21.7687
ABNB,2022-06-30,2022-08-02,0.56,0.43,0.13,30.2326
ABNB,2022-03-31,2022-05-03,-0.03,-0.29,0.26,89.6552
ABNB,2021-12-31,2022-02-15,0.08,0.03,0.05,166.6667
ABNB,2021-09-30,2021-11-04,1.22,0.75,0.47,62.6667
ABNB,2021-06-30,2021-08-12,-0.11,-0.47,0.36,76.5957
ABNB,2021-03-31,2021-05-13,-1.12,-1.17,0.05,4.2735
ALGN,2023-06-30,2023-07-26,2.22,2.03,0.19,9.3596
ALGN,2023-03-31,2023-04-26,1.82,1.68,0.14,8.3333
ALGN,2022-12-31,2023-02-01,1.73,1.56,0.17,10.8974
ALGN,2022-09-30,2022-10-26,1.36,2.18,-0.82,-37.6147
ALGN,2022-06-30,2022-07-27,2.0,2.23,-0.23,-10.3139
ALGN,2022-03-31,2022-04-27,2.13,2.22,-0.09,-4.0541
ALGN,2021-12-31,2022-02-02,2.83,2.71,0.12,4.428
ALGN,2021-09-30,2021-10-27,2.87,2.6,0.27,10.3846
ALGN,2021-06-30,2021-07-28,3.04,2.53,0.51,20.1581
ALGN,2021-03-31,2021-04-28,2.49,2.02,0.47,23.2673
GOOGL,2023-06-30,2023-07-25,1.44,1.34,0.1,7.4627
GOOGL,2023-03-31,2023-04-25,1.17,1.07,0.1,9.3458
GOOGL,2022-12-31,2023-02-02,1.05,1.18,-0.13,-11.0169
GOOGL,2022-09-30,2022-10-25,1.06,1.25,-0.19,-15.2
GOOGL,2022-06-30,2022-07-26,1.21,1.28,-0.07,-5.4688
GOOGL,2022-03-31,2022-04-26,1.23,1.3,-0.07,-5.3846
GOOGL,2021-12-31,2022-02-01,1.53,1.37,0.16,11.6788
GOOGL,2021-09-30,2021-10-26,1.4,1.17,0.23,19.6581
GOOGL,2021-06-30,2021-07-27,1.36,0.97,0.39,40.2062
GOOGL,2021-03-31,2021-04-27,1.31,0.79,0.52,65.8228
GOOG,2023-06-30,2023-07-25,1.44,1.34,0.1,7.4627
GOOG,2023-03-31,2023-04-25,1.17,1.06,0.11,10.3774
GOOG,2022-12-31,2023-02-02,1.05,1.19,-0.14,-11.7647
GOOG,2022-09-30,2022-10-25,1.06,1.25,-0.19,-15.2
GOOG,2022-06-30,2022-07-26,1.21,1.3,-0.09,-6.9231
GOOG,2022-03-31,2022-04-26,1.23,1.29,-0.06,-4.6512
GOOG,2021-12-31,2022-02-01,1.53,1.38,0.15,10.8696
GOOG,2021-09-30,2021-10-26,1.4,1.17,0.23,19.6581
GOOG,2021-06-30,2021-07-27,1.36,0.96,0.4,41.6667
GOOG,2021-03-31,2021-04-27,1.31,0.79,0.52,65.8228
AMZN,2023-06-30,2023-08-03,0.65,0.35,0.3,85.7143
AMZN,2023-03-31,2023-04-27,0.31,0.21,0.1,47.619
AMZN,2022-12-31,2023-02-02,0.25,0.18,0.07,38.8889
AMZN,2022-09-30,2022-10-27,0.17,0.22,-0.05,-22.7273
AMZN,2022-06-30,2022-07-28,0.18,0.14,0.04,28.5714
AMZN,2022-03-31,2022-04-28,0.37,0.42,-0.05,-11.9048
AMZN,2021-12-31,2022-02-03,0.29,0.18,0.11,61.1111
AMZN,2021-09-30,2021-10-28,0.31,0.45,-0.14,-31.1111
AMZN,2021-06-30,2021-07-29,0.76,0.62,0.14,22.5806
AMZN,2021-03-31,2021-04-29,0.79,0.48,0.31,64.5833
AMD,2023-06-30,2023-08-01,0.58,0.57,0.01,1.7544
AMD,2023-03-31,2023-05-02,0.6,0.56,0.04,7.1429
AMD,2022-12-31,2023-01-31,0.69,0.67,0.02,2.9851
AMD,2022-09-30,2022-11-01,0.67,0.68,-0.01,-1.4706
AMD,2022-06-30,2022-08-02,1.05,1.03,0.02,1.9417
AMD,2022-03-31,2022-05-03,1.13,0.91,0.22,24.1758
AMD,2021-12-31,2022-02-01,0.92,0.76,0.16,21.0526
AMD,2021-09-30,2021-10-26,0.73,0.67,0.06,8.9552
AMD,2021-06-30,2021-07-27,0.63,0.54,0.09,16.6667
AMD,2021-03-31,2021-04-27,0.52,0.44,0.08,18.1818
AEP,2023-06-30,2023-07-27,1.13,1.12,0.01,0.8929
AEP,2023-03-31,2023-05-04,1.11,1.12,-0.01,-0.8929
AEP,2022-12-31,2023-02-23,1.05,0.99,0.06,6.0606
AEP,2022-09-30,2022-10-27,1.62,1.56,0.06,3.8462
AEP,2022-06-30,2022-07-27,1.2,1.19,0.01,0.8403
AEP,2022-03-31,2022-04-28,1.22,1.2,0.02,1.6667
AEP,2021-12-31,2022-02-24,0.98,0.93,0.05,5.3763
AEP,2021-09-30,2021-10-28,1.43,1.46,-0.03,-2.0548
AEP,2021-06-30,2021-07-22,1.18,1.14,0.04,3.5088
AEP,2021-03-31,2021-04-22,1.15,1.17,-0.02,-1.7094
AMGN,2023-06-30,2023-08-03,5.0,4.49,0.51,11.3586
AMGN,2023-03-31,2023-04-27,3.98,3.85,0.13,3.3766
AMGN,2022-12-31,2023-01-31,4.09,4.1,-0.01,-0.2439
AMGN,2022-09-30,2022-11-03,4.7,4.44,0.26,5.8559
AMGN,2022-06-30,2022-08-04,4.65,4.4,0.25,5.6818
AMGN,2022-03-31,2022-04-27,4.25,4.09,0.16,3.912
AMGN,2021-12-31,2022-02-07,4.36,4.08,0.28,6.8627
AMGN,2021-09-30,2021-11-02,4.67,4.27,0.4,9.3677
AMGN,2021-06-30,2021-08-03,4.38,4.09,0.29,7.0905
AMGN,2021-03-31,2021-04-27,3.7,4.05,-0.35,-8.642
ADI,2023-07-31,2023-08-23,2.49,2.52,-0.03,-1.1905
ADI,2023-04-30,2023-05-24,2.83,2.75,0.08,2.9091
ADI,2023-01-31,2023-02-15,2.75,2.6,0.15,5.7692
ADI,2022-10-31,2022-11-22,2.73,2.58,0.15,5.814
ADI,2022-07-31,2022-08-17,2.52,2.43,0.09,3.7037
ADI,2022-04-30,2022-05-18,2.4,2.11,0.29,13.7441
ADI,2022-01-31,2022-02-16,1.94,1.78,0.16,8.9888
ADI,2021-10-31,2021-11-23,1.73,1.7,0.03,1.7647
ADI,2021-07-31,2021-08-18,1.72,1.63,0.09,5.5215
ADI,2021-04-30,2021-05-19,1.54,1.45,0.09,6.2069
ADI,2021-01-31,2021-02-17,1.44,1.32,0.12,9.0909
ANSS,2023-06-30,2023-08-02,1.6,1.49,0.11,7.3826
ANSS,2023-03-31,2023-05-03,1.85,1.61,0.24,14.9068
ANSS,2022-12-31,2023-02-22,3.09,2.8,0.29,10.3571
ANSS,2022-09-30,2022-11-02,1.77,1.63,0.14,8.589
ANSS,2022-06-30,2022-08-03,1.77,1.6,0.17,10.625
ANSS,2022-03-31,2022-05-04,1.36,1.14,0.22,19.2982
ANSS,2021-12-31,2022-02-23,2.81,2.71,0.1,3.69
ANSS,2021-09-30,2021-11-03,1.59,1.34,0.25,18.6567
ANSS,2021-06-30,2021-08-04,1.85,1.56,0.29,18.5897
ANSS,2021-03-31,2021-05-05,1.12,0.84,0.28,33.3333
AAPL,2023-06-30,2023-08-03,1.26,1.19,0.07,5.8824
AAPL,2023-03-31,2023-05-04,1.52,1.43,0.09,6.2937
AAPL,2022-12-31,2023-02-02,1.88,1.94,-0.06,-3.0928
AAPL,2022-09-30,2022-10-27,1.29,1.27,0.02,1.5748
AAPL,2022-06-30,2022-07-28,1.2,1.16,0.04,3.4483
AAPL,2022-03-31,2022-04-28,1.52,1.43,0.09,6.2937
AAPL,2021-12-31,2022-01-27,2.1,1.89,0.21,11.1111
AAPL,2021-09-30,2021-10-28,1.24,1.24,0,0
AAPL,2021-06-30,2021-07-27,1.3,1.01,0.29,28.7129
AAPL,2021-03-31,2021-04-28,1.4,0.99,0.41,41.4141
AMAT,2023-07-31,2023-08-17,1.9,1.74,0.16,9.1954
AMAT,2023-04-30,2023-05-18,2.0,1.84,0.16,8.6957
AMAT,2023-01-31,2023-02-16,2.03,1.93,0.1,5.1813
AMAT,2022-10-31,2022-11-17,2.03,1.73,0.3,17.341
AMAT,2022-07-31,2022-08-18,1.94,1.79,0.15,8.3799
AMAT,2022-04-30,2022-05-19,1.85,1.9,-0.05,-2.6316
AMAT,2022-01-31,2022-02-16,1.89,1.85,0.04,2.1622
AMAT,2021-10-31,2021-11-18,1.94,1.95,-0.01,-0.5128
AMAT,2021-07-31,2021-08-19,1.9,1.77,0.13,7.3446
AMAT,2021-04-30,2021-05-20,1.63,1.51,0.12,7.947
AMAT,2021-01-31,2021-02-18,1.39,1.28,0.11,8.5937
ASML,2023-06-30,2023-07-18,4.93,4.54,0.39,8.5903
ASML,2023-03-31,2023-05-17,5.31,4.45,0.86,19.3258
ASML,2022-12-31,2023-01-24,4.7,4.45,0.25,5.618
ASML,2022-09-30,2022-10-18,4.32,4.01,0.31,7.7307
ASML,2022-06-30,2022-07-19,3.77,3.81,-0.04,-1.0499
ASML,2022-03-31,2022-04-19,1.94,1.78,0.16,8.9888
ASML,2021-12-31,2022-01-18,5.01,4.26,0.75,17.6056
ASML,2021-09-30,2021-10-19,5.02,4.8,0.22,4.5833
ASML,2021-06-30,2021-07-20,3.04,2.93,0.11,3.7543
ASML,2021-03-31,2021-04-20,3.86,3.02,0.84,27.8146
AZN,2023-06-30,2023-07-27,1.08,0.95,0.13,13.6842
AZN,2023-03-31,2023-04-26,0.96,1.07,-0.11,-10.2804
AZN,2022-12-31,2023-02-08,0.69,0.67,0.02,2.9851
AZN,2022-09-30,2022-11-09,0.84,0.72,0.12,16.6667
AZN,2022-06-30,2022-07-28,0.86,0.77,0.09,11.6883
AZN,2022-03-31,2022-04-28,0.95,0.83,0.12,14.4578
AZN,2021-12-31,2022-02-09,0.84,0.73,0.11,15.0685
AZN,2021-09-30,2021-11-11,0.54,0.62,-0.08,-12.9032
AZN,2021-06-30,2021-07-28,0.45,0.43,0.02,4.6512
AZN,2021-03-31,2021-04-29,0.82,0.75,0.07,9.3333
TEAM,2023-06-30,2023-08-03,0.57,0.45,0.12,26.6667
TEAM,2023-03-31,2023-05-04,0.54,0.34,0.2,58.8235
TEAM,2022-12-31,2023-02-02,0.45,0.31,0.14,45.1613
TEAM,2022-09-30,2022-11-03,0.36,0.39,-0.03,-7.6923
TEAM,2022-06-30,2022-08-04,0.27,0.27,0,0
TEAM,2022-03-31,2022-04-28,0.47,0.32,0.15,46.875
TEAM,2021-12-31,2022-01-27,0.5,0.39,0.11,28.2051
TEAM,2021-09-30,2021-10-28,0.46,0.4,0.06,15
TEAM,2021-06-30,2021-07-29,0.24,0.18,0.06,33.3333
TEAM,2021-03-31,2021-04-29,0.48,0.29,0.19,65.5172
ADSK,2023-07-31,2023-08-23,1.91,1.73,0.18,10.4046
ADSK,2023-04-30,2023-05-25,1.55,1.55,0,0
ADSK,2023-01-31,2023-02-23,1.86,1.81,0.05,2.7624
ADSK,2022-10-31,2022-11-22,1.7,1.7,0,0
ADSK,2022-07-31,2022-08-24,1.65,1.57,0.08,5.0955
ADSK,2022-04-30,2022-05-26,1.43,1.34,0.09,6.7164
ADSK,2022-01-31,2022-02-24,1.5,1.44,0.06,4.1667
ADSK,2021-10-31,2021-11-23,1.33,1.26,0.07,5.5556
ADSK,2021-07-31,2021-08-25,1.21,1.13,0.08,7.0796
ADSK,2021-04-30,2021-05-27,1.03,0.94,0.09,9.5745
ADSK,2021-01-31,2021-02-25,1.18,1.07,0.11,10.2804
BKR,2023-06-30,2023-07-19,0.39,0.33,0.06,18.1818
BKR,2023-03-31,2023-04-19,0.28,0.26,0.02,7.6923
BKR,2022-12-31,2023-01-23,0.38,0.4,-0.02,-5
BKR,2022-09-30,2022-10-19,0.26,0.24,0.02,8.3333
BKR,2022-06-30,2022-07-20,0.11,0.22,-0.11,-50
BKR,2022-03-31,2022-04-20,0.15,0.2,-0.05,-25
BKR,2021-12-31,2022-01-20,0.25,0.28,-0.03,-10.7143
BKR,2021-09-30,2021-10-20,0.16,0.21,-0.05,-23.8095
BKR,2021-06-30,2021-07-21,0.1,0.16,-0.06,-37.5
BKR,2021-03-31,2021-04-21,0.12,0.11,0.01,9.0909
BIIB,2023-06-30,2023-07-25,4.02,3.77,0.25,6.6313
BIIB,2023-03-31,2023-04-25,3.4,3.28,0.12,3.6585
BIIB,2022-12-31,2023-02-15,4.05,3.48,0.57,16.3793
BIIB,2022-09-30,2022-10-25,4.77,4.14,0.63,15.2174
BIIB,2022-06-30,2022-07-20,5.25,4.06,1.19,29.3103
BIIB,2022-03-31,2022-05-03,4.38,4.38,0,0
BIIB,2021-12-31,2022-02-03,3.39,3.38,0.01,0.2959
BIIB,2021-09-30,2021-10-20,4.77,4.09,0.68,16.6259
BIIB,2021-06-30,2021-07-22,5.68,4.54,1.14,25.1101
BIIB,2021-03-31,2021-04-22,5.34,5.04,0.3,5.9524
BKNG,2023-06-30,2023-08-03,37.62,28.9,8.72,30.173
BKNG,2023-03-31,2023-05-04,11.6,10.61,0.99,9.3308
BKNG,2022-12-31,2023-02-23,24.74,22.23,2.51,11.291
BKNG,2022-09-30,2022-11-02,53.03,49.92,3.11,6.23
BKNG,2022-06-30,2022-08-03,19.08,17.48,1.6,9.1533
BKNG,2022-03-31,2022-05-04,3.9,0.9,3,333.3333
BKNG,2021-12-31,2022-02-23,15.83,13.68,2.15,15.7164
BKNG,2021-09-30,2021-11-03,37.7,32.9,4.8,14.5897
BKNG,2021-06-30,2021-08-04,-2.55,-2.04,-0.51,-25
BKNG,2021-03-31,2021-05-05,-5.26,-5.87,0.61,10.3918
AVGO,2023-07-31,2023-08-31,10.54,10.42,0.12,1.1516
AVGO,2023-04-30,2023-06-01,10.32,10.08,0.24,2.381
AVGO,2023-01-31,2023-03-02,10.33,10.1,0.23,2.2772
AVGO,2022-10-31,2022-12-08,10.45,10.28,0.17,1.6537
AVGO,2022-07-31,2022-09-01,9.73,9.56,0.17,1.7782
AVGO,2022-04-30,2022-05-26,9.07,8.71,0.36,4.1332
AVGO,2022-01-31,2022-03-03,8.39,8.08,0.31,3.8366
AVGO,2021-10-31,2021-12-09,7.81,7.74,0.07,0.9044
AVGO,2021-07-31,2021-09-02,6.96,6.88,0.08,1.1628
AVGO,2021-04-30,2021-06-03,6.62,6.43,0.19,2.9549
AVGO,2021-01-31,2021-03-04,6.61,6.56,0.05,0.7622
CDNS,2023-06-30,2023-07-24,1.22,1.18,0.04,3.3898
CDNS,2023-03-31,2023-04-24,1.29,1.26,0.03,2.381
CDNS,2022-12-31,2023-02-13,0.96,0.92,0.04,4.3478
CDNS,2022-09-30,2022-10-24,1.06,0.97,0.09,9.2784
CDNS,2022-06-30,2022-07-25,1.08,0.96,0.12,12.5
CDNS,2022-03-31,2022-04-25,1.17,1.02,0.15,14.7059
CDNS,2021-12-31,2022-02-22,0.82,0.76,0.06,7.8947
CDNS,2021-09-30,2021-10-25,0.8,0.75,0.05,6.6667
CDNS,2021-06-30,2021-07-26,0.86,0.76,0.1,13.1579
CDNS,2021-03-31,2021-04-26,0.83,0.75,0.08,10.6667
CHTR,2023-06-30,2023-07-28,8.05,7.96,0.09,1.1307
CHTR,2023-03-31,2023-04-28,6.65,7.48,-0.83,-11.0963
CHTR,2022-12-31,2023-01-27,7.69,8.79,-1.1,-12.5142
CHTR,2022-09-30,2022-10-28,7.38,8.23,-0.85,-10.3281
CHTR,2022-06-30,2022-07-29,8.8,6.89,1.91,27.7213
CHTR,2022-03-31,2022-04-29,6.9,6.47,0.43,6.6461
CHTR,2021-12-31,2022-01-28,8.93,6.89,2.04,29.6081
CHTR,2021-09-30,2021-10-29,6.5,5.71,0.79,13.8354
CHTR,2021-06-30,2021-07-30,5.29,4.78,0.51,10.6695
CHTR,2021-03-31,2021-04-30,4.11,4.26,-0.15,-3.5211
CTAS,2023-08-31,2023-09-26,3.7,3.68,0.02,0.5435
CTAS,2023-05-31,2023-07-13,3.33,3.19,0.14,4.3887
CTAS,2023-02-28,2023-03-29,3.14,3.04,0.1,3.2895
CTAS,2022-11-30,2022-12-21,3.12,3.03,0.09,2.9703
CTAS,2022-08-31,2022-09-28,3.39,3.13,0.26,8.3067
CTAS,2022-05-31,2022-07-14,2.81,2.67,0.14,5.2434
CTAS,2022-02-28,2022-03-23,2.69,2.43,0.26,10.6996
CTAS,2021-11-30,2021-12-22,2.76,2.65,0.11,4.1509
CTAS,2021-08-31,2021-09-29,3.11,2.75,0.36,13.0909
CTAS,2021-05-31,2021-07-15,2.47,2.3,0.17,7.3913
CTAS,2021-02-28,2021-03-17,2.37,2.22,0.15,6.7568
CSCO,2023-07-31,2023-08-16,1.14,1.06,0.08,7.5472
CSCO,2023-04-30,2023-05-17,1.0,0.97,0.03,3.0928
CSCO,2023-01-31,2023-02-15,0.88,0.86,0.02,2.3256
CSCO,2022-10-31,2022-11-16,0.86,0.84,0.02,2.381
CSCO,2022-07-31,2022-08-17,0.83,0.82,0.01,1.2195
CSCO,2022-04-30,2022-05-18,0.87,0.86,0.01,1.1628
CSCO,2022-01-31,2022-02-16,0.84,0.81,0.03,3.7037
CSCO,2021-10-31,2021-11-17,0.82,0.8,0.02,2.5
CSCO,2021-07-31,2021-08-18,0.84,0.82,0.02,2.439
CSCO,2021-04-30,2021-05-19,0.83,0.82,0.01,1.2195
CSCO,2021-01-31,2021-02-08,0.79,0.76,0.03,3.9474
CTSH,2023-06-30,2023-08-02,1.1,0.99,0.11,11.1111
CTSH,2023-03-31,2023-05-03,1.11,1.04,0.07,6.7308
CTSH,2022-12-31,2023-02-02,1.01,1.02,-0.01,-0.9804
CTSH,2022-09-30,2022-11-02,1.17,1.16,0.01,0.8621
CTSH,2022-06-30,2022-07-27,1.14,1.08,0.06,5.5556
CTSH,2022-03-31,2022-05-04,1.08,1.04,0.04,3.8462
CTSH,2021-12-31,2022-02-02,1.1,1.04,0.06,5.7692
CTSH,2021-09-30,2021-10-27,1.06,1.05,0.01,0.9524
CTSH,2021-06-30,2021-07-28,0.99,0.96,0.03,3.125
CTSH,2021-03-31,2021-05-05,0.97,0.94,0.03,3.1915
CMCSA,2023-06-30,2023-07-27,1.13,0.97,0.16,16.4948
CMCSA,2023-03-31,2023-04-27,0.92,0.82,0.1,12.1951
CMCSA,2022-12-31,2023-01-26,0.82,0.77,0.05,6.4935
CMCSA,2022-09-30,2022-10-27,0.96,0.9,0.06,6.6667
CMCSA,2022-06-30,2022-07-28,1.01,0.92,0.09,9.7826
CMCSA,2022-03-31,2022-04-28,0.86,0.8,0.06,7.5
CMCSA,2021-12-31,2022-01-27,0.77,0.73,0.04,5.4795
CMCSA,2021-09-30,2021-10-28,0.87,0.75,0.12,16
CMCSA,2021-06-30,2021-07-29,0.84,0.67,0.17,25.3731
CMCSA,2021-03-31,2021-04-29,0.76,0.59,0.17,28.8136
CEG,2023-06-30,2023-08-03,2.56,0.73,1.83,250.6849
CEG,2023-03-31,2023-05-04,0.29,0.88,-0.59,-67.0455
CEG,2022-12-31,2023-02-16,0.1,1.24,-1.14,-91.9355
CEG,2022-09-30,2022-11-08,-0.57,0.71,-1.28,-180.2817
CEG,2022-06-30,2022-08-04,-0.34,0.54,-0.88,-162.963
CEG,2022-03-31,2022-05-12,0.32,0.7,-0.38,-54.2857
CEG,2021-12-31,2022-01-28,0.13,1.19,-1.06,-89.0756
CEG,2021-09-30,2021-12-01,1.75,0,1.75,None
CPRT,2023-07-31,2023-09-14,0.34,0.32,0.02,6.25
CPRT,2023-04-30,2023-05-17,0.72,0.64,0.08,12.5
CPRT,2023-01-31,2023-02-20,0.61,0.57,0.04,7.0175
CPRT,2022-10-31,2022-11-16,0.51,0.56,-0.05,-8.9286
CPRT,2022-07-31,2022-09-07,0.56,0.55,0.01,1.8182
CPRT,2022-04-30,2022-05-18,0.59,0.57,0.02,3.5088
CPRT,2022-01-31,2022-02-16,0.55,0.54,0.01,1.8519
CPRT,2021-10-31,2021-11-17,0.54,0.51,0.03,5.8824
CPRT,2021-07-31,2021-09-08,0.52,0.46,0.06,13.0435
CPRT,2021-04-30,2021-05-19,0.55,0.4,0.15,37.5
CPRT,2021-01-31,2021-02-18,0.4,0.4,0,0
CSGP,2023-06-30,2023-07-25,0.31,0.3,0.01,3.3333
CSGP,2023-03-31,2023-04-25,0.29,0.25,0.04,16
CSGP,2022-12-31,2023-02-21,0.38,0.36,0.02,5.5556
CSGP,2022-09-30,2022-10-25,0.3,0.24,0.06,25
CSGP,2022-06-30,2022-07-26,0.28,0.21,0.07,33.3333
CSGP,2022-03-31,2022-04-26,0.31,0.27,0.04,14.8148
CSGP,2021-12-31,2022-02-22,0.35,0.29,0.06,20.6897
CSGP,2021-09-30,2021-10-26,0.25,0.23,0.02,8.6957
CSGP,2021-06-30,2021-07-27,0.26,0.23,0.03,13.0435
CSGP,2021-03-31,2021-04-27,0.28,0.24,0.04,16.6667
COST,2023-08-31,2023-09-26,4.86,4.79,0.07,1.4614
COST,2023-05-31,2023-05-25,2.93,3.3,-0.37,-11.2121
COST,2023-02-28,2023-03-02,3.3,3.21,0.09,2.8037
COST,2022-11-30,2022-12-08,3.1,3.11,-0.01,-0.3215
COST,2022-08-31,2022-09-22,4.2,4.17,0.03,0.7194
COST,2022-05-31,2022-05-31,3.04,3.03,0.01,0.33
COST,2022-02-28,2022-03-03,2.92,2.74,0.18,6.5693
COST,2021-11-30,2021-12-09,2.98,2.64,0.34,12.8788
COST,2021-08-31,2021-09-23,3.9,3.57,0.33,9.2437
COST,2021-02-28,2021-03-04,2.14,2.45,-0.31,-12.6531
CRWD,2023-07-31,2023-08-30,0.74,0.56,0.18,32.1429
CRWD,2023-04-30,2023-05-31,0.57,0.51,0.06,11.7647
CRWD,2023-01-31,2023-03-07,0.47,0.43,0.04,9.3023
CRWD,2022-10-31,2022-11-29,0.4,0.31,0.09,29.0323
CRWD,2022-07-31,2022-08-30,0.36,0.28,0.08,28.5714
CRWD,2022-04-30,2022-06-02,0.31,0.23,0.08,34.7826
CRWD,2022-01-31,2022-03-09,0.3,0.2,0.1,50
CRWD,2021-10-31,2021-12-01,0.17,0.1,0.07,70
CRWD,2021-07-31,2021-08-31,0.11,0.09,0.02,22.2222
CRWD,2021-04-30,2021-06-03,0.1,0.06,0.04,66.6667
CRWD,2021-01-31,2021-03-16,0.13,0.08,0.05,62.5
CSX,2023-06-30,2023-07-20,0.49,0.49,0,0
CSX,2023-03-31,2023-04-20,0.48,0.43,0.05,11.6279
CSX,2022-12-31,2023-01-25,0.47,0.46,0.01,2.1739
CSX,2022-09-30,2022-10-20,0.51,0.49,0.02,4.0816
CSX,2022-06-30,2022-07-20,0.54,0.47,0.07,14.8936
CSX,2022-03-31,2022-04-20,0.39,0.37,0.02,5.4054
CSX,2021-12-31,2022-01-20,0.42,0.41,0.01,2.439
CSX,2021-09-30,2021-10-20,0.43,0.38,0.05,13.1579
CSX,2021-06-30,2021-07-21,0.39,0.37,0.02,5.4054
CSX,2021-03-31,2021-04-20,0.31,0.32,-0.01,-3.125
DDOG,2023-06-30,2023-08-08,0.36,0.28,0.08,28.5714
DDOG,2023-03-31,2023-05-04,0.28,0.24,0.04,16.6667
DDOG,2022-12-31,2023-02-16,0.26,0.19,0.07,36.8421
DDOG,2022-09-30,2022-11-03,0.23,0.16,0.07,43.75
DDOG,2022-06-30,2022-08-04,0.24,0.15,0.09,60
DDOG,2022-03-31,2022-05-05,0.24,0.12,0.12,100
DDOG,2021-12-31,2022-02-10,0.2,0.12,0.08,66.6667
DDOG,2021-09-30,2021-11-04,0.13,0.06,0.07,116.6667
DDOG,2021-06-30,2021-08-05,0.1,0.03,0.07,233.3333
DDOG,2021-03-31,2021-05-06,0.06,0.03,0.03,100
DXCM,2023-06-30,2023-07-27,0.34,0.23,0.11,47.8261
DXCM,2023-03-31,2023-04-27,0.17,0.15,0.02,13.3333
DXCM,2022-12-31,2023-02-09,0.34,0.27,0.07,25.9259
DXCM,2022-09-30,2022-10-27,0.28,0.24,0.04,16.6667
DXCM,2022-06-30,2022-07-28,0.17,0.19,-0.02,-10.5263
DXCM,2022-03-31,2022-04-28,0.08,0.13,-0.05,-38.4615
DXCM,2021-12-31,2022-02-10,0.17,0.21,-0.04,-19.0476
DXCM,2021-09-30,2021-10-28,0.22,0.16,0.06,37.5
DXCM,2021-06-30,2021-07-29,0.19,0.11,0.08,72.7273
DXCM,2021-03-31,2021-04-29,0.08,0.07,0.01,14.2857
FANG,2023-06-30,2023-07-31,3.68,3.9,-0.22,-5.641
FANG,2023-03-31,2023-05-01,4.1,4.33,-0.23,-5.3118
FANG,2022-12-31,2023-02-21,5.29,5.22,0.07,1.341
FANG,2022-09-30,2022-11-07,6.48,6.33,0.15,2.3697
FANG,2022-06-30,2022-08-01,7.07,6.58,0.49,7.4468
FANG,2022-03-31,2022-05-02,5.2,4.52,0.68,15.0442
FANG,2021-12-31,2022-02-22,3.63,3.38,0.25,7.3964
FANG,2021-09-30,2021-11-01,2.94,2.77,0.17,6.1372
FANG,2021-06-30,2021-08-02,2.4,2.19,0.21,9.589
FANG,2021-03-31,2021-05-03,2.3,1.8,0.5,27.7778
DLTR,2023-07-31,2023-08-24,0.91,0.87,0.04,4.5977
DLTR,2023-04-30,2023-05-25,1.47,1.52,-0.05,-3.2895
DLTR,2023-01-31,2023-03-01,2.04,2.02,0.02,0.9901
DLTR,2022-10-31,2022-11-22,1.2,1.18,0.02,1.6949
DLTR,2022-07-31,2022-08-25,1.6,1.59,0.01,0.6289
DLTR,2022-04-30,2022-05-26,2.37,2,0.37,18.5
DLTR,2022-01-31,2022-03-02,2.01,1.77,0.24,13.5593
DLTR,2021-10-31,2021-11-23,0.96,0.96,0,0
DLTR,2021-07-31,2021-08-26,1.23,1,0.23,23
DLTR,2021-04-30,2021-05-27,1.6,1.4,0.2,14.2857
DLTR,2021-01-31,2021-03-03,2.13,2.11,0.02,0.9479
EBAY,2023-06-30,2023-07-26,1.03,1,0.03,3
EBAY,2023-03-31,2023-04-26,1.11,1.07,0.04,3.7383
EBAY,2022-12-31,2023-02-22,1.07,1.06,0.01,0.9434
EBAY,2022-09-30,2022-11-02,1.0,0.93,0.07,7.5269
EBAY,2022-06-30,2022-08-03,0.99,0.89,0.1,11.236
EBAY,2022-03-31,2022-05-04,1.05,1.03,0.02,1.9417
EBAY,2021-12-31,2022-02-23,1.05,0.99,0.06,6.0606
EBAY,2021-09-30,2021-10-27,0.9,0.89,0.01,1.1236
EBAY,2021-06-30,2021-08-11,0.99,0.95,0.04,4.2105
EBAY,2021-03-31,2021-04-28,1.09,1.07,0.02,1.8692
EA,2023-06-30,2023-08-01,1.14,1.02,0.12,11.7647
EA,2023-03-31,2023-05-09,1.78,1.31,0.47,35.8779
EA,2022-12-31,2023-01-31,2.8,3.05,-0.25,-8.1967
EA,2022-09-30,2022-11-01,1.45,1.37,0.08,5.8394
EA,2022-06-30,2022-08-02,0.47,0.28,0.19,67.8571
EA,2022-03-31,2022-05-10,1.46,1.43,0.03,2.0979
EA,2021-12-31,2022-02-01,3.2,3.22,-0.02,-0.6211
EA,2021-09-30,2021-11-03,1.58,1.17,0.41,35.0427
EA,2021-06-30,2021-08-04,0.79,0.67,0.12,17.9104
EA,2021-03-31,2021-05-11,1.23,1.05,0.18,17.1429
ENPH,2023-06-30,2023-07-27,1.47,1.25,0.22,17.6
ENPH,2023-03-31,2023-04-25,1.37,1.21,0.16,13.2231
ENPH,2022-12-31,2023-02-07,1.51,1.25,0.26,20.8
ENPH,2022-09-30,2022-10-25,1.25,1.08,0.17,15.7407
ENPH,2022-06-30,2022-07-26,1.07,0.84,0.23,27.381
ENPH,2022-03-31,2022-04-26,0.79,0.67,0.12,17.9104
ENPH,2021-12-31,2022-02-08,0.73,0.58,0.15,25.8621
ENPH,2021-09-30,2021-10-26,0.6,0.48,0.12,25
ENPH,2021-06-30,2021-07-27,0.53,0.43,0.1,23.2558
ENPH,2021-03-31,2021-04-27,0.56,0.45,0.11,24.4444
EXC,2023-06-30,2023-08-02,0.41,0.41,0,0
EXC,2023-03-31,2023-05-03,0.7,0.66,0.04,6.0606
EXC,2022-12-31,2023-02-14,0.43,0.43,0,0
EXC,2022-09-30,2022-11-03,0.75,0.7,0.05,7.1429
EXC,2022-06-30,2022-08-03,0.44,0.46,-0.02,-4.3478
EXC,2022-03-31,2022-05-09,0.64,0.66,-0.02,-3.0303
EXC,2021-12-31,2022-02-25,0.9,0.87,0.03,3.4483
EXC,2021-09-30,2021-11-03,1.09,1.09,0,0
EXC,2021-06-30,2021-08-04,0.89,0.68,0.21,30.8824
EXC,2021-03-31,2021-05-05,-0.06,0.36,-0.42,-116.6667
FAST,2023-06-30,2023-07-13,0.52,0.53,-0.01,-1.8868
FAST,2023-03-31,2023-04-13,0.52,0.5,0.02,4
FAST,2022-12-31,2023-01-19,0.43,0.42,0.01,2.381
FAST,2022-09-30,2022-10-13,0.5,0.48,0.02,4.1667
FAST,2022-06-30,2022-07-13,0.5,0.5,0,0
FAST,2022-03-31,2022-04-13,0.47,0.45,0.02,4.4444
FAST,2021-12-31,2022-01-19,0.4,0.38,0.02,5.2632
FAST,2021-09-30,2021-10-12,0.42,0.42,0,0
FAST,2021-06-30,2021-07-13,0.42,0.41,0.01,2.439
FAST,2021-03-31,2021-04-13,0.37,0.36,0.01,2.7778
FTNT,2023-06-30,2023-08-03,0.38,0.34,0.04,11.7647
FTNT,2023-03-31,2023-05-04,0.34,0.29,0.05,17.2414
FTNT,2022-12-31,2023-02-07,0.44,0.39,0.05,12.8205
FTNT,2022-09-30,2022-11-02,0.33,0.27,0.06,22.2222
FTNT,2022-06-30,2022-08-03,0.24,0.22,0.02,9.0909
FTNT,2022-03-31,2022-05-04,0.19,0.16,0.03,18.75
FTNT,2021-12-31,2022-02-03,0.25,0.23,0.02,8.6957
FTNT,2021-09-30,2021-11-04,0.2,0.19,0.01,5.2632
FTNT,2021-06-30,2021-07-29,0.19,0.18,0.01,5.5556
FTNT,2021-03-31,2021-04-29,0.16,0.15,0.01,6.6667
GEHC,2023-06-30,2023-07-25,0.92,0.87,0.05,5.7471
GEHC,2023-03-31,2023-04-25,0.85,0.79,0.06,7.5949
GEHC,2022-12-31,2023-01-30,1.31,1.06,0.25,23.5849
GEHC,2022-09-30,2022-12-08,1.11,0,1.11,None
GEHC,2022-06-30,2022-09-13,2.56,0,2.56,None
GILD,2023-06-30,2023-08-03,1.66,1.64,0.02,1.2195
GILD,2023-03-31,2023-04-27,1.37,1.54,-0.17,-11.039
GILD,2022-12-31,2023-02-02,1.67,1.5,0.17,11.3333
GILD,2022-09-30,2022-10-27,1.9,1.43,0.47,32.8671
GILD,2022-06-30,2022-08-02,1.58,1.52,0.06,3.9474
GILD,2022-03-31,2022-04-28,2.12,1.81,0.31,17.1271
GILD,2021-12-31,2022-02-01,0.69,1.59,-0.9,-56.6038
GILD,2021-09-30,2021-10-28,2.65,1.75,0.9,51.4286
GILD,2021-06-30,2021-07-29,1.87,1.73,0.14,8.0925
GILD,2021-03-31,2021-04-29,2.08,2.09,-0.01,-0.4785
GFS,2023-06-30,2023-08-08,0.53,0.5,0.03,6
GFS,2023-03-31,2023-05-09,0.52,0.49,0.03,6.1224
GFS,2022-12-31,2023-02-14,1.44,1.18,0.26,22.0339
GFS,2022-09-30,2022-11-08,0.67,0.62,0.05,8.0645
GFS,2022-06-30,2022-08-09,0.58,0.45,0.13,28.8889
GFS,2022-03-31,2022-05-10,0.42,0.23,0.19,82.6087
GFS,2021-12-31,2022-02-08,0.18,0.11,0.07,63.6364
GFS,2021-09-30,2021-10-29,0.07,-0.0037,0.0737,1991.8919
GFS,2021-06-30,2021-09-01,-0.06,0,-0.06,None
HON,2023-06-30,2023-07-27,2.23,2.21,0.02,0.905
HON,2023-03-31,2023-04-27,2.07,1.93,0.14,7.2539
HON,2022-12-31,2023-02-02,2.52,2.51,0.01,0.3984
HON,2022-09-30,2022-10-27,2.25,2.16,0.09,4.1667
HON,2022-06-30,2022-07-28,2.1,2.03,0.07,3.4483
HON,2022-03-31,2022-04-29,1.91,1.86,0.05,2.6882
HON,2021-12-31,2022-02-03,2.09,2.08,0.01,0.4808
HON,2021-09-30,2021-10-22,2.02,1.99,0.03,1.5075
HON,2021-06-30,2021-07-23,2.02,1.94,0.08,4.1237
HON,2021-03-31,2021-04-23,1.92,1.8,0.12,6.6667
IDXX,2023-06-30,2023-08-01,2.67,2.47,0.2,8.0972
IDXX,2023-03-31,2023-05-02,2.55,2.42,0.13,5.3719
IDXX,2022-12-31,2023-02-06,2.05,1.94,0.11,5.6701
IDXX,2022-09-30,2022-11-01,2.15,2.04,0.11,5.3922
IDXX,2022-06-30,2022-08-02,1.56,1.56,0,0
IDXX,2022-03-31,2022-05-04,2.27,2.26,0.01,0.4425
IDXX,2021-12-31,2022-02-02,1.89,1.71,0.18,10.5263
IDXX,2021-09-30,2021-11-02,2.03,1.91,0.12,6.2827
IDXX,2021-06-30,2021-07-30,2.34,2.02,0.32,15.8416
IDXX,2021-03-31,2021-05-04,2.35,1.72,0.63,36.6279
ILMN,2023-06-30,2023-08-09,0.32,0.02,0.3,1500
ILMN,2023-03-31,2023-04-25,0.08,0.03,0.05,166.6667
ILMN,2022-12-31,2023-02-07,0.14,0.1,0.04,40
ILMN,2022-09-30,2022-11-03,0.34,0.3,0.04,13.3333
ILMN,2022-06-30,2022-08-11,0.57,0.65,-0.08,-12.3077
ILMN,2022-03-31,2022-05-05,1.07,0.9,0.17,18.8889
ILMN,2021-12-31,2022-02-10,0.75,0.49,0.26,53.0612
ILMN,2021-09-30,2021-11-04,1.45,1.14,0.31,27.193
ILMN,2021-06-30,2021-08-05,1.87,1.36,0.51,37.5
ILMN,2021-03-31,2021-04-27,1.89,1.38,0.51,36.9565
INTC,2023-06-30,2023-07-27,0.13,-0.03,0.16,533.3333
INTC,2023-03-31,2023-04-27,-0.04,-0.15,0.11,73.3333
INTC,2022-12-31,2023-01-26,0.1,0.2,-0.1,-50
INTC,2022-09-30,2022-10-27,0.59,0.32,0.27,84.375
INTC,2022-06-30,2022-07-28,0.29,0.7,-0.41,-58.5714
INTC,2022-03-31,2022-04-28,0.87,0.81,0.06,7.4074
INTC,2021-12-31,2022-01-26,1.09,0.91,0.18,19.7802
INTC,2021-09-30,2021-10-21,1.71,1.11,0.6,54.0541
INTC,2021-06-30,2021-07-22,1.28,1.06,0.22,20.7547
INTC,2021-03-31,2021-04-22,1.39,1.15,0.24,20.8696
INTU,2023-07-31,2023-08-24,1.65,1.44,0.21,14.5833
INTU,2023-04-30,2023-05-23,8.92,8.48,0.44,5.1887
INTU,2023-01-31,2023-02-23,2.2,1.44,0.76,52.7778
INTU,2022-10-31,2022-11-29,1.66,1.22,0.44,36.0656
INTU,2022-07-31,2022-08-23,1.1,0.98,0.12,12.2449
INTU,2022-04-30,2022-05-24,7.65,7.58,0.07,0.9235
INTU,2022-01-31,2022-02-24,1.55,1.85,-0.3,-16.2162
INTU,2021-10-31,2021-11-18,1.53,0.97,0.56,57.732
INTU,2021-07-31,2021-08-24,1.97,1.59,0.38,23.8994
INTU,2021-04-30,2021-05-25,6.07,6.47,-0.4,-6.1824
INTU,2021-01-31,2021-02-23,0.68,0.91,-0.23,-25.2747
ISRG,2023-06-30,2023-07-20,1.42,1.33,0.09,6.7669
ISRG,2023-03-31,2023-04-18,1.23,1.2,0.03,2.5
ISRG,2022-12-31,2023-01-24,1.23,1.25,-0.02,-1.6
ISRG,2022-09-30,2022-10-18,1.19,1.12,0.07,6.25
ISRG,2022-06-30,2022-07-21,1.14,1.19,-0.05,-4.2017
ISRG,2022-03-31,2022-04-21,1.13,1.08,0.05,4.6296
ISRG,2021-12-31,2022-01-20,1.3,1.28,0.02,1.5625
ISRG,2021-09-30,2021-10-19,1.19,1.17,0.02,1.7094
ISRG,2021-06-30,2021-07-20,1.31,1.02,0.29,28.4314
ISRG,2021-03-31,2021-04-20,1.17,0.88,0.29,32.9545
JD,2023-06-30,2023-08-16,5.39,4.79,0.6,12.5261
JD,2023-03-31,2023-05-11,4.76,3.51,1.25,35.6125
JD,2022-12-31,2023-03-09,4.81,3.48,1.33,38.2184
JD,2022-09-30,2022-11-18,6.27,4.45,1.82,40.8989
JD,2022-06-30,2022-08-23,4.06,2.71,1.35,49.8155
JD,2022-03-31,2022-05-17,2.53,1.63,0.9,55.2147
JD,2021-12-31,2022-03-09,2.21,1.54,0.67,43.5065
JD,2021-09-30,2021-11-17,3.16,2.05,1.11,54.1463
JD,2021-06-30,2021-08-23,2.9,2.35,0.55,23.4043
JD,2021-03-31,2021-05-19,2.47,2.26,0.21,9.292
KDP,2023-06-30,2023-07-27,0.42,0.4,0.02,5
KDP,2023-03-31,2023-04-27,0.34,0.33,0.01,3.0303
KDP,2022-12-31,2023-02-23,0.5,0.5,0,0
KDP,2022-09-30,2022-10-27,0.46,0.46,0,0
KDP,2022-06-30,2022-07-28,0.39,0.39,0,0
KDP,2022-03-31,2022-04-28,0.33,0.33,0,0
KDP,2021-12-31,2022-02-24,0.45,0.45,0,0
KDP,2021-09-30,2021-10-28,0.44,0.44,0,0
KDP,2021-06-30,2021-07-29,0.38,0.37,0.01,2.7027
KDP,2021-03-31,2021-04-29,0.33,0.32,0.01,3.125
KLAC,2023-06-30,2023-07-27,5.4,4.85,0.55,11.3402
KLAC,2023-03-31,2023-04-26,5.49,5.32,0.17,3.1955
KLAC,2022-12-31,2023-01-26,7.38,7.1,0.28,3.9437
KLAC,2022-09-30,2022-10-26,7.06,6.21,0.85,13.6876
KLAC,2022-06-30,2022-07-28,5.81,5.5,0.31,5.6364
KLAC,2022-03-31,2022-04-28,5.13,4.82,0.31,6.4315
KLAC,2021-12-31,2022-01-27,5.59,5.45,0.14,2.5688
KLAC,2021-09-30,2021-10-27,4.64,4.52,0.12,2.6549
KLAC,2021-06-30,2021-07-29,4.43,3.99,0.44,11.0276
KLAC,2021-03-31,2021-04-29,3.85,3.62,0.23,6.3536
KHC,2023-06-30,2023-08-02,0.79,0.76,0.03,3.9474
KHC,2023-03-31,2023-05-03,0.68,0.6,0.08,13.3333
KHC,2022-12-31,2023-02-15,0.85,0.78,0.07,8.9744
KHC,2022-09-30,2022-10-26,0.63,0.56,0.07,12.5
KHC,2022-06-30,2022-07-27,0.7,0.68,0.02,2.9412
KHC,2022-03-31,2022-04-27,0.6,0.53,0.07,13.2075
KHC,2021-12-31,2022-02-16,0.79,0.63,0.16,25.3968
KHC,2021-09-30,2021-10-27,0.65,0.58,0.07,12.069
KHC,2021-06-30,2021-08-04,0.78,0.72,0.06,8.3333
KHC,2021-03-31,2021-04-29,0.72,0.59,0.13,22.0339
LRCX,2023-06-30,2023-07-26,5.98,5.07,0.91,17.9487
LRCX,2023-03-31,2023-04-19,6.99,6.54,0.45,6.8807
LRCX,2022-12-31,2023-01-25,10.71,9.96,0.75,7.5301
LRCX,2022-09-30,2022-10-19,10.42,9.54,0.88,9.2243
LRCX,2022-06-30,2022-07-27,8.83,7.32,1.51,20.6284
LRCX,2022-03-31,2022-04-20,7.4,7.51,-0.11,-1.4647
LRCX,2021-12-31,2022-01-26,8.53,8.51,0.02,0.235
LRCX,2021-09-30,2021-10-20,8.36,8.21,0.15,1.827
LRCX,2021-06-30,2021-07-28,8.09,7.55,0.54,7.1523
LRCX,2021-03-31,2021-04-21,7.49,6.62,0.87,13.142
LCID,2023-06-30,2023-08-07,-0.42,-0.33,-0.09,-27.2727
LCID,2023-03-31,2023-05-08,-0.39,-0.41,0.02,4.878
LCID,2022-12-31,2023-02-22,-0.43,-0.4,-0.03,-7.5
LCID,2022-09-30,2022-11-08,-0.24,-0.31,0.07,22.5806
LCID,2022-06-30,2022-08-03,-0.33,-0.36,0.03,8.3333
LCID,2022-03-31,2022-05-05,-0.37,-0.3,-0.07,-23.3333
LCID,2021-12-31,2022-02-28,-0.21,-0.35,0.14,40
LCID,2021-09-30,2021-11-15,-0.21,-0.25,0.04,16
LCID,2021-06-30,2021-07-26,-0.815,-0.1498,-0.6652,-444.0587
LCID,2021-03-31,2021-06-25,-3.33,None,None,None
LULU,2023-07-31,2023-08-31,2.68,2.54,0.14,5.5118
LULU,2023-04-30,2023-06-01,2.28,1.98,0.3,15.1515
LULU,2023-01-31,2023-03-28,4.4,4.26,0.14,3.2864
LULU,2022-10-31,2022-12-08,2.0,1.97,0.03,1.5228
LULU,2022-07-31,2022-09-01,2.2,1.87,0.33,17.6471
LULU,2022-04-30,2022-06-02,1.48,1.43,0.05,3.4965
LULU,2022-01-31,2022-03-29,3.37,3.28,0.09,2.7439
LULU,2021-10-31,2021-12-09,1.62,1.41,0.21,14.8936
LULU,2021-07-31,2021-09-08,1.65,1.19,0.46,38.6555
LULU,2021-04-30,2021-06-03,1.16,0.91,0.25,27.4725
LULU,2021-01-31,2021-03-30,2.58,2.49,0.09,3.6145
MAR,2023-06-30,2023-08-01,2.26,2.18,0.08,3.6697
MAR,2023-03-31,2023-05-02,2.09,1.84,0.25,13.587
MAR,2022-12-31,2023-02-14,1.96,1.83,0.13,7.1038
MAR,2022-09-30,2022-11-03,1.69,1.68,0.01,0.5952
MAR,2022-06-30,2022-08-02,1.8,1.56,0.24,15.3846
MAR,2022-03-31,2022-05-04,1.25,0.9,0.35,38.8889
MAR,2021-12-31,2022-02-15,1.3,0.99,0.31,31.3131
MAR,2021-09-30,2021-11-03,0.99,0.98,0.01,1.0204
MAR,2021-06-30,2021-08-03,0.79,0.45,0.34,75.5556
MAR,2021-03-31,2021-05-10,0.1,0.03,0.07,233.3333
MRVL,2023-07-31,2023-08-24,0.33,0.32,0.01,3.125
MRVL,2023-04-30,2023-05-25,0.31,0.29,0.02,6.8966
MRVL,2023-01-31,2023-03-02,0.46,0.47,-0.01,-2.1277
MRVL,2022-10-31,2022-12-01,0.57,0.59,-0.02,-3.3898
MRVL,2022-07-31,2022-08-25,0.57,0.56,0.01,1.7857
MRVL,2022-04-30,2022-05-26,0.52,0.51,0.01,1.9608
MRVL,2022-01-31,2022-03-03,0.5,0.48,0.02,4.1667
MRVL,2021-10-31,2021-12-02,0.43,0.39,0.04,10.2564
MRVL,2021-07-31,2021-08-26,0.34,0.31,0.03,9.6774
MRVL,2021-04-30,2021-06-07,0.29,0.27,0.02,7.4074
MRVL,2021-01-31,2021-03-03,0.29,0.29,0,0
MELI,2023-06-30,2023-08-02,5.16,4.54,0.62,13.6564
MELI,2023-03-31,2023-05-03,3.97,2.8,1.17,41.7857
MELI,2022-12-31,2023-02-23,3.25,2.4,0.85,35.4167
MELI,2022-09-30,2022-11-03,2.56,2.43,0.13,5.3498
MELI,2022-06-30,2022-08-03,2.43,1.8,0.63,35
MELI,2022-03-31,2022-05-05,1.3,1.36,-0.06,-4.4118
MELI,2021-12-31,2022-02-22,-0.75,0.99,-1.74,-175.7576
MELI,2021-09-30,2021-11-04,1.92,1.29,0.63,48.8372
MELI,2021-06-30,2021-08-04,1.37,0.19,1.18,621.0526
MELI,2021-03-31,2021-05-05,-0.68,-0.01,-0.67,-6700
META,2023-06-30,2023-07-26,2.98,2.92,0.06,2.0548
META,2023-03-31,2023-04-26,2.2,2.03,0.17,8.3744
META,2022-12-31,2023-02-01,1.76,2.22,-0.46,-20.7207
META,2022-09-30,2022-10-26,1.64,1.89,-0.25,-13.2275
META,2022-06-30,2022-07-27,2.46,2.59,-0.13,-5.0193
META,2022-03-31,2022-04-27,2.72,2.56,0.16,6.25
META,2021-12-31,2022-02-02,3.67,3.84,-0.17,-4.4271
META,2021-09-30,2021-10-25,3.22,3.19,0.03,0.9404
META,2021-06-30,2021-07-28,3.61,3.03,0.58,19.1419
META,2021-03-31,2021-04-28,3.3,2.37,0.93,39.2405
MCHP,2023-06-30,2023-08-03,1.64,1.64,0,0
MCHP,2023-03-31,2023-05-04,1.64,1.62,0.02,1.2346
MCHP,2022-12-31,2023-02-02,1.56,1.55,0.01,0.6452
MCHP,2022-09-30,2022-11-03,1.46,1.44,0.02,1.3889
MCHP,2022-06-30,2022-08-02,1.37,1.34,0.03,2.2388
MCHP,2022-03-31,2022-05-09,1.35,1.25,0.1,8
MCHP,2021-12-31,2022-02-03,1.2,1.17,0.03,2.5641
MCHP,2021-09-30,2021-11-04,1.07,1.06,0.01,0.9434
MCHP,2021-06-30,2021-08-03,0.99,0.95,0.04,4.2105
MCHP,2021-03-31,2021-05-06,0.93,0.87,0.06,6.8966
MU,2023-08-31,2023-09-27,-1.07,-1.18,0.11,9.322
MU,2023-05-31,2023-06-28,-1.43,-1.58,0.15,9.4937
MU,2023-02-28,2023-03-28,-1.91,-0.86,-1.05,-122.093
MU,2022-11-30,2022-12-21,-0.04,-0.01,-0.03,-300
MU,2022-08-31,2022-09-29,1.45,1.3,0.15,11.5385
MU,2022-05-31,2022-06-30,2.59,2.43,0.16,6.5844
MU,2022-02-28,2022-03-29,2.14,1.97,0.17,8.6294
MU,2021-11-30,2021-12-20,2.16,2.11,0.05,2.3697
MU,2021-08-31,2021-09-28,2.42,2.33,0.09,3.8627
MU,2021-05-31,2021-06-30,1.88,1.72,0.16,9.3023
MU,2021-02-28,2021-03-31,0.98,0.95,0.03,3.1579
MSFT,2023-06-30,2023-07-25,2.69,2.55,0.14,5.4902
MSFT,2023-03-31,2023-04-25,2.45,2.23,0.22,9.8655
MSFT,2022-12-31,2023-01-24,2.32,2.29,0.03,1.31
MSFT,2022-09-30,2022-10-25,2.35,2.3,0.05,2.1739
MSFT,2022-06-30,2022-07-26,2.23,2.29,-0.06,-2.6201
MSFT,2022-03-31,2022-04-26,2.22,2.19,0.03,1.3699
MSFT,2021-12-31,2022-01-25,2.48,2.31,0.17,7.3593
MSFT,2021-09-30,2021-10-26,2.27,2.07,0.2,9.6618
MSFT,2021-06-30,2021-07-27,2.17,1.92,0.25,13.0208
MSFT,2021-03-31,2021-04-27,1.95,1.78,0.17,9.5506
MRNA,2023-06-30,2023-08-03,-3.62,-4.04,0.42,10.396
MRNA,2023-03-31,2023-05-04,0.19,-1.77,1.96,110.7345
MRNA,2022-12-31,2023-02-23,3.61,4.68,-1.07,-22.8632
MRNA,2022-09-30,2022-11-03,2.53,3.29,-0.76,-23.1003
MRNA,2022-06-30,2022-08-03,5.24,4.55,0.69,15.1648
MRNA,2022-03-31,2022-05-04,8.58,5.21,3.37,64.6833
MRNA,2021-12-31,2022-02-24,11.29,9.9,1.39,14.0404
MRNA,2021-09-30,2021-11-04,7.7,9.05,-1.35,-14.9171
MRNA,2021-06-30,2021-08-05,6.46,5.96,0.5,8.3893
MRNA,2021-03-31,2021-05-06,2.84,2.39,0.45,18.8285
MDLZ,2023-06-30,2023-07-27,0.76,0.69,0.07,10.1449
MDLZ,2023-03-31,2023-04-27,0.89,0.8,0.09,11.25
MDLZ,2022-12-31,2023-01-31,0.73,0.7,0.03,4.2857
MDLZ,2022-09-30,2022-11-01,0.74,0.69,0.05,7.2464
MDLZ,2022-06-30,2022-07-26,0.67,0.64,0.03,4.6875
MDLZ,2022-03-31,2022-04-26,0.84,0.74,0.1,13.5135
MDLZ,2021-12-31,2022-01-27,0.72,0.72,0,0
MDLZ,2021-09-30,2021-11-02,0.7,0.7,0,0
MDLZ,2021-06-30,2021-07-27,0.66,0.65,0.01,1.5385
MDLZ,2021-03-31,2021-04-27,0.77,0.69,0.08,11.5942
MNST,2023-06-30,2023-08-03,0.39,0.39,0,0
MNST,2023-03-31,2023-05-04,0.38,0.34,0.04,11.7647
MNST,2022-12-31,2023-02-28,0.57,0.63,-0.06,-9.5238
MNST,2022-09-30,2022-11-03,0.6,0.59,0.01,1.6949
MNST,2022-06-30,2022-08-04,0.51,0.7,-0.19,-27.1429
MNST,2022-03-31,2022-05-05,0.55,0.61,-0.06,-9.8361
MNST,2021-12-31,2022-02-24,0.6,0.61,-0.01,-1.6393
MNST,2021-09-30,2021-11-04,0.63,0.67,-0.04,-5.9701
MNST,2021-06-30,2021-08-05,0.75,0.68,0.07,10.2941
MNST,2021-03-31,2021-05-06,0.59,0.61,-0.02,-3.2787
NFLX,2023-06-30,2023-07-19,3.29,2.86,0.43,15.035
NFLX,2023-03-31,2023-04-18,2.88,2.86,0.02,0.6993
NFLX,2022-12-31,2023-01-19,0.12,0.45,-0.33,-73.3333
NFLX,2022-09-30,2022-10-18,3.1,2.13,0.97,45.5399
NFLX,2022-06-30,2022-07-19,3.2,2.94,0.26,8.8435
NFLX,2022-03-31,2022-04-19,3.53,2.89,0.64,22.1453
NFLX,2021-12-31,2022-01-20,1.33,0.82,0.51,62.1951
NFLX,2021-09-30,2021-10-19,3.19,2.56,0.63,24.6094
NFLX,2021-06-30,2021-07-20,2.97,3.16,-0.19,-6.0127
NFLX,2021-03-31,2021-04-20,3.75,2.97,0.78,26.2626
NVDA,2023-07-31,2023-08-23,2.7,2.09,0.61,29.1866
NVDA,2023-04-30,2023-05-24,1.09,0.92,0.17,18.4783
NVDA,2023-01-31,2023-02-22,0.88,0.81,0.07,8.642
NVDA,2022-10-31,2022-11-16,0.58,0.69,-0.11,-15.942
NVDA,2022-07-31,2022-08-24,0.51,1.26,-0.75,-59.5238
NVDA,2022-04-30,2022-05-25,1.36,1.29,0.07,5.4264
NVDA,2022-01-31,2022-02-16,1.32,1.22,0.1,8.1967
NVDA,2021-10-31,2021-11-17,1.17,1.11,0.06,5.4054
NVDA,2021-07-31,2021-08-18,1.04,1.01,0.03,2.9703
NVDA,2021-04-30,2021-05-26,0.92,0.82,0.1,12.1951
NVDA,2021-01-31,2021-02-24,0.78,0.7,0.08,11.4286
NXPI,2023-06-30,2023-07-24,3.43,3.29,0.14,4.2553
NXPI,2023-03-31,2023-05-01,3.19,3.02,0.17,5.6291
NXPI,2022-12-31,2023-01-30,3.63,3.6,0.03,0.8333
NXPI,2022-09-30,2022-10-31,3.81,3.63,0.18,4.9587
NXPI,2022-06-30,2022-07-25,3.52,3.35,0.17,5.0746
NXPI,2022-03-31,2022-05-02,3.34,3.17,0.17,5.3628
NXPI,2021-12-31,2022-01-31,3.2,2.99,0.21,7.0234
NXPI,2021-09-30,2021-11-01,2.84,2.72,0.12,4.4118
NXPI,2021-06-30,2021-08-02,2.44,2.31,0.13,5.6277
NXPI,2021-03-31,2021-04-26,2.2,2.21,-0.01,-0.4525
ORLY,2023-06-30,2023-07-26,10.22,10.09,0.13,1.2884
ORLY,2023-03-31,2023-04-26,8.28,8,0.28,3.5
ORLY,2022-12-31,2023-02-08,8.37,7.75,0.62,8
ORLY,2022-09-30,2022-10-26,9.17,8.5,0.67,7.8824
ORLY,2022-06-30,2022-07-27,8.78,8.96,-0.18,-2.0089
ORLY,2022-03-31,2022-04-27,7.17,7.48,-0.31,-4.1444
ORLY,2021-12-31,2022-02-09,7.64,6.05,1.59,26.281
ORLY,2021-09-30,2021-10-27,8.07,7.19,0.88,12.2392
ORLY,2021-06-30,2021-07-28,8.33,7.56,0.77,10.1852
ORLY,2021-03-31,2021-04-28,7.06,5.47,1.59,29.0676
ODFL,2023-06-30,2023-07-26,2.65,2.65,0,0
ODFL,2023-03-31,2023-04-26,2.58,2.7,-0.12,-4.4444
ODFL,2022-12-31,2023-02-01,2.92,2.68,0.24,8.9552
ODFL,2022-09-30,2022-10-26,3.36,3.07,0.29,9.4463
ODFL,2022-06-30,2022-07-27,3.3,3.14,0.16,5.0955
ODFL,2022-03-31,2022-04-27,2.6,2.39,0.21,8.7866
ODFL,2021-12-31,2022-02-02,2.41,2.26,0.15,6.6372
ODFL,2021-09-30,2021-10-27,2.47,2.37,0.1,4.2194
ODFL,2021-06-30,2021-07-28,2.31,2.16,0.15,6.9444
ODFL,2021-03-31,2021-04-22,1.7,1.58,0.12,7.5949
ON,2023-06-30,2023-07-31,1.33,1.21,0.12,9.9174
ON,2023-03-31,2023-05-01,1.19,1.09,0.1,9.1743
ON,2022-12-31,2023-02-06,1.32,1.27,0.05,3.937
ON,2022-09-30,2022-10-31,1.45,1.31,0.14,10.687
ON,2022-06-30,2022-08-01,1.34,1.26,0.08,6.3492
ON,2022-03-31,2022-05-02,1.22,1.05,0.17,16.1905
ON,2021-12-31,2022-02-07,1.09,0.94,0.15,15.9574
ON,2021-09-30,2021-11-01,0.87,0.74,0.13,17.5676
ON,2021-06-30,2021-08-02,0.63,0.49,0.14,28.5714
ON,2021-03-31,2021-05-03,0.35,0.34,0.01,2.9412
PCAR,2023-06-30,2023-07-25,2.33,2.18,0.15,6.8807
PCAR,2023-03-31,2023-04-25,2.25,1.81,0.44,24.3094
PCAR,2022-12-31,2023-01-24,1.76,1.47,0.29,19.7279
PCAR,2022-09-30,2022-10-25,1.47,1.32,0.15,11.3636
PCAR,2022-06-30,2022-07-26,1.38,1.21,0.17,14.0496
PCAR,2022-03-31,2022-04-26,1.15,1.03,0.12,11.6505
PCAR,2021-12-31,2022-01-25,0.98,0.88,0.1,11.3636
PCAR,2021-09-30,2021-10-26,0.72,0.8,-0.08,-10
PCAR,2021-06-30,2021-07-27,0.94,0.93,0.01,1.0753
PCAR,2021-03-31,2021-04-27,0.9,0.85,0.05,5.8824
PANW,2023-07-31,2023-08-18,1.44,1.28,0.16,12.5
PANW,2023-04-30,2023-05-23,1.1,0.93,0.17,18.2796
PANW,2023-01-31,2023-02-21,1.05,0.78,0.27,34.6154
PANW,2022-10-31,2022-11-17,0.83,0.69,0.14,20.2899
PANW,2022-07-31,2022-08-22,0.8,0.76,0.04,5.2632
PANW,2022-04-30,2022-05-19,0.6,0.56,0.04,7.1429
PANW,2022-01-31,2022-02-22,0.58,0.55,0.03,5.4545
PANW,2021-10-31,2021-11-18,0.55,0.52,0.03,5.7692
PANW,2021-07-31,2021-08-23,0.53,0.48,0.05,10.4167
PANW,2021-04-30,2021-05-20,0.46,0.43,0.03,6.9767
PANW,2021-01-31,2021-02-22,0.52,0.48,0.04,8.3333
PAYX,2023-08-31,2023-09-27,1.14,1.12,0.02,1.7857
PAYX,2023-05-31,2023-06-29,0.97,0.97,0,0
PAYX,2023-02-28,2023-03-29,1.29,1.24,0.05,4.0323
PAYX,2022-11-30,2022-12-22,0.99,0.95,0.04,4.2105
PAYX,2022-08-31,2022-09-28,1.03,0.97,0.06,6.1856
PAYX,2022-05-31,2022-06-29,0.81,0.79,0.02,2.5316
PAYX,2022-02-28,2022-03-30,1.15,1.05,0.1,9.5238
PAYX,2021-11-30,2021-12-22,0.91,0.8,0.11,13.75
PAYX,2021-08-31,2021-09-30,0.89,0.8,0.09,11.25
PAYX,2021-05-31,2021-06-25,0.72,0.67,0.05,7.4627
PAYX,2021-02-28,2021-04-06,0.96,0.92,0.04,4.3478
PYPL,2023-06-30,2023-08-02,1.16,1.16,0,0
PYPL,2023-03-31,2023-05-08,1.17,1.1,0.07,6.3636
PYPL,2022-12-31,2023-02-09,1.24,1.2,0.04,3.3333
PYPL,2022-09-30,2022-11-03,1.08,0.96,0.12,12.5
PYPL,2022-06-30,2022-08-02,0.93,0.86,0.07,8.1395
PYPL,2022-03-31,2022-04-27,0.88,0.88,0,0
PYPL,2021-12-31,2022-02-01,1.11,1.12,-0.01,-0.8929
PYPL,2021-09-30,2021-11-08,1.11,1.07,0.04,3.7383
PYPL,2021-06-30,2021-07-28,1.15,1.12,0.03,2.6786
PYPL,2021-03-31,2021-05-05,1.22,1.01,0.21,20.7921
PDD,2023-06-30,2023-08-29,10.47,7.28,3.19,43.8187
PDD,2023-03-31,2023-05-26,6.92,3.79,3.13,82.5858
PDD,2022-12-31,2023-03-20,8.34,8.3,0.04,0.4819
PDD,2022-09-30,2022-11-28,8.62,4.69,3.93,83.7953
PDD,2022-06-30,2022-08-29,7.54,2.76,4.78,173.1884
PDD,2022-03-31,2022-05-15,2.95,1.7,1.25,73.5294
PDD,2021-12-31,2022-03-21,5.88,2.21,3.67,166.0633
PDD,2021-09-30,2021-11-26,2.18,0.15,2.03,1353.3333
PDD,2021-06-30,2021-08-24,2.85,-1.32,4.17,315.9091
PDD,2021-03-31,2021-05-26,-1.52,-2.66,1.14,42.8571
PEP,2023-06-30,2023-07-13,2.09,1.96,0.13,6.6327
PEP,2023-03-31,2023-04-25,1.5,1.39,0.11,7.9137
PEP,2022-12-31,2023-02-09,1.67,1.65,0.02,1.2121
PEP,2022-09-30,2022-10-12,1.97,1.84,0.13,7.0652
PEP,2022-06-30,2022-07-12,1.86,1.74,0.12,6.8966
PEP,2022-03-31,2022-04-26,1.29,1.23,0.06,4.878
PEP,2021-12-31,2022-02-10,1.53,1.52,0.01,0.6579
PEP,2021-09-30,2021-10-05,1.79,1.73,0.06,3.4682
PEP,2021-06-30,2021-07-13,1.72,1.53,0.19,12.4183
PEP,2021-03-31,2021-04-15,1.21,1.12,0.09,8.0357
QCOM,2023-06-30,2023-08-02,1.87,1.81,0.06,3.3149
QCOM,2023-03-31,2023-05-03,2.15,2.15,0,0
QCOM,2022-12-31,2023-02-02,2.37,2.34,0.03,1.2821
QCOM,2022-09-30,2022-11-02,3.13,3.13,0,0
QCOM,2022-06-30,2022-07-27,2.96,2.87,0.09,3.1359
QCOM,2022-03-31,2022-04-27,3.21,2.91,0.3,10.3093
QCOM,2021-12-31,2022-02-02,3.23,3.01,0.22,7.309
QCOM,2021-09-30,2021-11-03,2.55,2.26,0.29,12.8319
QCOM,2021-06-30,2021-07-28,1.92,1.68,0.24,14.2857
QCOM,2021-03-31,2021-04-28,1.9,1.67,0.23,13.7725
REGN,2023-06-30,2023-08-03,10.24,9.84,0.4,4.065
REGN,2023-03-31,2023-05-04,10.09,9.56,0.53,5.5439
REGN,2022-12-31,2023-02-03,12.56,10.03,2.53,25.2243
REGN,2022-09-30,2022-11-03,11.14,9.48,1.66,17.5105
REGN,2022-06-30,2022-08-03,9.77,8.84,0.93,10.5204
REGN,2022-03-31,2022-05-04,8.93,9.74,-0.81,-8.3162
REGN,2021-12-31,2022-02-04,21.32,18.35,2.97,16.1853
REGN,2021-09-30,2021-11-04,14.37,10.1,4.27,42.2772
REGN,2021-06-30,2021-08-05,25.8,17.53,8.27,47.1763
REGN,2021-03-31,2021-05-06,9.89,9,0.89,9.8889
ROST,2023-07-31,2023-08-17,1.32,1.16,0.16,13.7931
ROST,2023-04-30,2023-05-18,1.09,1.06,0.03,2.8302
ROST,2023-01-31,2023-02-28,1.31,1.24,0.07,5.6452
ROST,2022-10-31,2022-11-17,1.0,0.81,0.19,23.4568
ROST,2022-07-31,2022-08-18,1.11,0.99,0.12,12.1212
ROST,2022-04-30,2022-05-19,0.91,1,-0.09,-9
ROST,2022-01-31,2022-03-01,1.04,0.97,0.07,7.2165
ROST,2021-10-31,2021-11-18,1.09,0.78,0.31,39.7436
ROST,2021-07-31,2021-08-19,1.39,0.98,0.41,41.8367
ROST,2021-04-30,2021-05-20,1.34,0.88,0.46,52.2727
ROST,2021-01-31,2021-03-02,0.67,1,-0.33,-33
SGEN,2023-06-30,2023-08-02,-1.13,-0.81,-0.32,-39.5062
SGEN,2023-03-31,2023-04-27,-0.93,-0.82,-0.11,-13.4146
SGEN,2022-12-31,2023-02-15,-0.8,-1.04,0.24,23.0769
SGEN,2022-09-30,2022-10-27,-1.03,-0.96,-0.07,-7.2917
SGEN,2022-06-30,2022-07-28,-0.73,-0.86,0.13,15.1163
SGEN,2022-03-31,2022-04-28,-0.74,-0.99,0.25,25.2525
SGEN,2021-12-31,2022-02-09,-0.95,-0.83,-0.12,-14.4578
SGEN,2021-09-30,2021-10-28,-1.61,-0.58,-1.03,-177.5862
SGEN,2021-06-30,2021-07-29,-0.47,-0.61,0.14,22.9508
SGEN,2021-03-31,2021-04-29,-0.67,-0.61,-0.06,-9.8361
SIRI,2023-06-30,2023-08-01,0.08,0.07,0.01,14.2857
SIRI,2023-03-31,2023-04-27,0.06,0.07,-0.01,-14.2857
SIRI,2022-12-31,2023-02-02,0.09,0.08,0.01,12.5
SIRI,2022-09-30,2022-11-01,0.06,0.08,-0.02,-25
SIRI,2022-06-30,2022-07-28,0.07,0.08,-0.01,-12.5
SIRI,2022-03-31,2022-04-28,0.08,0.08,0,0
SIRI,2021-12-31,2022-02-01,0.08,0.07,0.01,14.2857
SIRI,2021-09-30,2021-10-28,0.1,0.07,0.03,42.8571
SIRI,2021-06-30,2021-07-27,0.07,0.07,0,0
SIRI,2021-03-31,2021-04-28,0.07,0.06,0.01,16.6667
SBUX,2023-06-30,2023-08-01,1.0,0.95,0.05,5.2632
SBUX,2023-03-31,2023-05-02,0.74,0.65,0.09,13.8462
SBUX,2022-12-31,2023-02-02,0.75,0.77,-0.02,-2.5974
SBUX,2022-09-30,2022-11-03,0.81,0.72,0.09,12.5
SBUX,2022-06-30,2022-08-02,0.84,0.75,0.09,12
SBUX,2022-03-31,2022-05-03,0.59,0.59,0,0
SBUX,2021-12-31,2022-02-01,0.72,0.8,-0.08,-10
SBUX,2021-09-30,2021-10-28,1.0,0.99,0.01,1.0101
SBUX,2021-06-30,2021-07-27,1.01,0.78,0.23,29.4872
SBUX,2021-03-31,2021-04-27,0.62,0.53,0.09,16.9811
SNPS,2023-07-31,2023-08-16,2.88,2.74,0.14,5.1095
SNPS,2023-04-30,2023-05-17,2.54,2.46,0.08,3.252
SNPS,2023-01-31,2023-02-15,2.62,2.5,0.12,4.8
SNPS,2022-10-31,2022-11-30,1.91,1.85,0.06,3.2432
SNPS,2022-07-31,2022-08-17,2.1,1.99,0.11,5.5276
SNPS,2022-04-30,2022-05-18,2.5,2.37,0.13,5.4852
SNPS,2022-01-31,2022-02-16,2.4,2.37,0.03,1.2658
SNPS,2021-10-31,2021-12-01,1.82,1.78,0.04,2.2472
SNPS,2021-07-31,2021-08-18,1.81,1.78,0.03,1.6854
SNPS,2021-04-30,2021-05-19,1.7,1.52,0.18,11.8421
SNPS,2021-01-31,2021-02-17,1.52,1.47,0.05,3.4014
TMUS,2023-06-30,2023-07-27,1.86,1.69,0.17,10.0592
TMUS,2023-03-31,2023-04-27,1.58,1.48,0.1,6.7568
TMUS,2022-12-31,2023-02-01,1.18,1.1,0.08,7.2727
TMUS,2022-09-30,2022-10-27,0.4,0.04,0.36,900
TMUS,2022-06-30,2022-07-27,0.43,0.25,0.18,72
TMUS,2022-03-31,2022-04-27,0.57,0.33,0.24,72.7273
TMUS,2021-12-31,2022-02-02,0.34,0.15,0.19,126.6667
TMUS,2021-09-30,2021-11-02,0.55,0.53,0.02,3.7736
TMUS,2021-06-30,2021-07-29,0.78,0.53,0.25,47.1698
TMUS,2021-03-31,2021-05-04,0.74,0.57,0.17,29.8246
TSLA,2023-06-30,2023-07-19,0.91,0.82,0.09,10.9756
TSLA,2023-03-31,2023-04-19,0.85,0.85,0,0
TSLA,2022-12-31,2023-01-25,1.19,1.13,0.06,5.3097
TSLA,2022-09-30,2022-10-19,1.05,0.99,0.06,6.0606
TSLA,2022-06-30,2022-07-20,0.76,0.6,0.16,26.6667
TSLA,2022-03-31,2022-04-20,1.07,0.75,0.32,42.6667
TSLA,2021-12-31,2022-01-26,0.85,0.79,0.06,7.5949
TSLA,2021-09-30,2021-10-20,0.62,0.53,0.09,16.9811
TSLA,2021-06-30,2021-07-26,0.48,0.33,0.15,45.4545
TSLA,2021-03-31,2021-04-26,0.31,0.26,0.05,19.2308
TXN,2023-06-30,2023-07-25,1.87,1.76,0.11,6.25
TXN,2023-03-31,2023-04-25,1.85,1.78,0.07,3.9326
TXN,2022-12-31,2023-01-24,2.13,1.98,0.15,7.5758
TXN,2022-09-30,2022-10-25,2.45,2.39,0.06,2.5105
TXN,2022-06-30,2022-07-26,2.45,2.12,0.33,15.566
TXN,2022-03-31,2022-04-26,2.35,2.18,0.17,7.7982
TXN,2021-12-31,2022-01-25,2.27,1.94,0.33,17.0103
TXN,2021-09-30,2021-10-26,2.07,2.05,0.02,0.9756
TXN,2021-06-30,2021-07-21,2.05,1.83,0.22,12.0219
TXN,2021-03-31,2021-04-27,1.85,1.58,0.27,17.0886
TTD,2023-06-30,2023-08-09,0.28,0.26,0.02,7.6923
TTD,2023-03-31,2023-05-10,0.23,0.12,0.11,91.6667
TTD,2022-12-31,2023-02-15,0.38,0.36,0.02,5.5556
TTD,2022-09-30,2022-11-09,0.26,0.22,0.04,18.1818
TTD,2022-06-30,2022-08-09,0.2,0.2,0,0
TTD,2022-03-31,2022-05-10,0.21,0.15,0.06,40
TTD,2021-12-31,2022-02-16,0.42,0.28,0.14,50
TTD,2021-09-30,2021-11-08,0.18,0.15,0.03,20
TTD,2021-06-30,2021-08-09,0.18,0.13,0.05,38.4615
TTD,2021-03-31,2021-05-10,0.14,0.07,0.07,100
VRSK,2023-06-30,2023-08-02,1.51,1.41,0.1,7.0922
VRSK,2023-03-31,2023-05-03,1.29,1.19,0.1,8.4034
VRSK,2022-12-31,2023-02-28,1.43,1.18,0.25,21.1864
VRSK,2022-09-30,2022-11-01,1.46,1.47,-0.01,-0.6803
VRSK,2022-06-30,2022-08-02,1.53,1.41,0.12,8.5106
VRSK,2022-03-31,2022-05-03,1.34,1.39,-0.05,-3.5971
VRSK,2021-12-31,2022-02-22,1.47,1.41,0.06,4.2553
VRSK,2021-09-30,2021-11-02,1.44,1.36,0.08,5.8824
VRSK,2021-06-30,2021-08-03,1.17,1.33,-0.16,-12.0301
VRSK,2021-03-31,2021-05-04,1.23,1.25,-0.02,-1.6
VRTX,2023-06-30,2023-08-01,3.89,3.88,0.01,0.2577
VRTX,2023-03-31,2023-05-01,3.05,3,0.05,1.6667
VRTX,2022-12-31,2023-02-07,3.76,3.51,0.25,7.1225
VRTX,2022-09-30,2022-10-27,4.01,3.64,0.37,10.1648
VRTX,2022-06-30,2022-08-04,3.6,3.48,0.12,3.4483
VRTX,2022-03-31,2022-05-05,3.52,3.49,0.03,0.8596
VRTX,2021-12-31,2022-01-26,3.37,3.3,0.07,2.1212
VRTX,2021-09-30,2021-11-02,3.56,3.08,0.48,15.5844
VRTX,2021-06-30,2021-07-29,3.11,2.51,0.6,23.9044
VRTX,2021-03-31,2021-04-29,2.98,2.69,0.29,10.7807
WBA,2023-05-31,2023-06-27,1.0,1.07,-0.07,-6.5421
WBA,2023-02-28,2023-03-28,1.16,1.1,0.06,5.4545
WBA,2022-11-30,2023-01-05,1.16,1.14,0.02,1.7544
WBA,2022-08-31,2022-10-13,0.8,0.77,0.03,3.8961
WBA,2022-05-31,2022-06-30,0.96,0.92,0.04,4.3478
WBA,2022-02-28,2022-03-31,1.59,1.4,0.19,13.5714
WBA,2021-11-30,2022-01-06,1.68,1.33,0.35,26.3158
WBA,2021-08-31,2021-10-14,1.17,1.02,0.15,14.7059
WBA,2021-05-31,2021-07-01,1.38,1.17,0.21,17.9487
WBA,2021-02-28,2021-03-31,1.26,1.11,0.15,13.5135
WBD,2023-06-30,2023-08-03,-0.49,-0.38,-0.11,-28.9474
WBD,2023-03-31,2023-05-05,-0.44,0.01,-0.45,-4500
WBD,2022-12-31,2023-02-23,-0.86,-0.21,-0.65,-309.5238
WBD,2022-09-30,2022-11-03,-0.95,-0.21,-0.74,-352.381
WBD,2022-06-30,2022-08-04,0.82,0.02,0.8,4000
WBD,2022-03-31,2022-04-26,0.69,0.04,0.65,1625
WBD,2021-12-31,2022-02-24,0.08,0.83,-0.75,-90.3614
WBD,2021-09-30,2021-11-03,0.24,0.41,-0.17,-41.4634
WBD,2021-06-30,2021-08-03,0.89,0.86,0.03,3.4884
WBD,2021-03-31,2021-04-28,0.53,0.65,-0.12,-18.4615
WDAY,2023-07-31,2023-08-24,1.43,1.26,0.17,13.4921
WDAY,2023-04-30,2023-05-25,1.31,1.12,0.19,16.9643
WDAY,2023-01-31,2023-02-27,0.99,0.91,0.08,8.7912
WDAY,2022-10-31,2022-11-29,0.99,0.84,0.15,17.8571
WDAY,2022-07-31,2022-08-25,0.83,0.8,0.03,3.75
WDAY,2022-04-30,2022-05-26,0.83,0.86,-0.03,-3.4884
WDAY,2022-01-31,2022-02-28,0.78,0.71,0.07,9.8592
WDAY,2021-10-31,2021-11-18,1.1,0.86,0.24,27.907
WDAY,2021-07-31,2021-08-26,1.23,0.78,0.45,57.6923
WDAY,2021-04-30,2021-05-26,0.87,0.73,0.14,19.1781
WDAY,2021-01-31,2021-02-25,0.73,0.55,0.18,32.7273
XEL,2023-06-30,2023-07-27,0.52,0.57,-0.05,-8.7719
XEL,2023-03-31,2023-04-27,0.76,0.74,0.02,2.7027
XEL,2022-12-31,2023-01-26,0.69,0.68,0.01,1.4706
XEL,2022-09-30,2022-10-27,1.18,1.22,-0.04,-3.2787
XEL,2022-06-30,2022-07-28,0.6,0.6,0,0
XEL,2022-03-31,2022-04-28,0.7,0.68,0.02,2.9412
XEL,2021-12-31,2022-01-27,0.58,0.58,0,0
XEL,2021-09-30,2021-10-28,1.13,1.18,-0.05,-4.2373
XEL,2021-06-30,2021-07-29,0.58,0.56,0.02,3.5714
XEL,2021-03-31,2021-04-29,0.67,0.61,0.06,9.8361
ZM,2023-07-31,2023-08-21,1.34,1.05,0.29,27.619
ZM,2023-04-30,2023-05-22,1.16,0.99,0.17,17.1717
ZM,2023-01-31,2023-02-27,1.22,0.81,0.41,50.6173
ZM,2022-10-31,2022-11-21,1.07,0.84,0.23,27.381
ZM,2022-07-31,2022-08-22,1.05,0.94,0.11,11.7021
ZM,2022-04-30,2022-05-23,1.03,0.87,0.16,18.3908
ZM,2022-01-31,2022-02-28,1.29,1.06,0.23,21.6981
ZM,2021-10-31,2021-11-22,1.11,1.09,0.02,1.8349
ZM,2021-07-31,2021-08-30,1.36,1.16,0.2,17.2414
ZM,2021-04-30,2021-06-01,1.32,0.99,0.33,33.3333
ZM,2021-01-31,2021-03-01,1.22,0.79,0.43,54.4304
ZS,2023-07-31,2023-09-05,0.64,0.49,0.15,30.6122
ZS,2023-04-30,2023-06-01,0.48,0.42,0.06,14.2857
ZS,2023-01-31,2023-03-02,0.37,0.29,0.08,27.5862
ZS,2022-10-31,2022-12-01,0.29,0.26,0.03,11.5385
ZS,2022-07-31,2022-09-08,0.25,0.2,0.05,25
ZS,2022-04-30,2022-05-26,0.17,0.11,0.06,54.5455
ZS,2022-01-31,2022-02-24,0.13,0.11,0.02,18.1818
ZS,2021-10-31,2021-11-30,0.14,0.12,0.02,16.6667
ZS,2021-07-31,2021-09-09,0.14,0.09,0.05,55.5556
ZS,2021-04-30,2021-05-25,0.15,0.07,0.08,114.2857
ZS,2021-01-31,2021-02-25,0.1,0.08,0.02,25
